<?xml version="1.0"?>
<operations>
	<operation type="CREATE_TABLE">
		<table>
			<schema></schema>
			<name>carsbcolor</name>
			<type>0</type>
			<dbfields>
				<dbfield>
					<name>color</name>
					<type>200</type>
					<typeName>varchar</typeName>
					<size>50</size>
					<scale>0</scale>
					<defaultValue></defaultValue>
					<nullable>1</nullable>
					<autoInc>0</autoInc>
					<charset></charset>
					<oraSequence></oraSequence>
					<enumValues></enumValues>
				</dbfield>
				<dbfield>
					<name>id</name>
					<type>3</type>
					<typeName>int</typeName>
					<size>11</size>
					<scale>0</scale>
					<defaultValue></defaultValue>
					<nullable>0</nullable>
					<autoInc>1</autoInc>
					<charset></charset>
					<oraSequence></oraSequence>
					<enumValues></enumValues>
				</dbfield>
				<dbfield>
					<name>rgb</name>
					<type>200</type>
					<typeName>varchar</typeName>
					<size>50</size>
					<scale>0</scale>
					<defaultValue></defaultValue>
					<nullable>1</nullable>
					<autoInc>0</autoInc>
					<charset></charset>
					<oraSequence></oraSequence>
					<enumValues></enumValues>
				</dbfield>
			</dbfields>
			<dbkeys>
				<dbkey>id</dbkey>
			</dbkeys>
			<dbfkeys></dbfkeys>
			<pbclean>0</pbclean>
		</table>
	</operation>
	<operation type="INSERT_RECORD">
		<schema></schema>
		<tablename>carsbcolor</tablename>
		<prefix></prefix>
		<suffix></suffix>
		<records>
			<names>
				<colname>color</colname>
				<colname>id</colname>
				<colname>rgb</colname>
			</names>
			<types>
				<coltype>200</coltype>
				<coltype>3</coltype>
				<coltype>200</coltype>
			</types>
			<data>
				<record>
					<value>Taffeta White</value>
					<value>1</value>
					<value>#EBEBEB</value>
				</record>
				<record>
					<value>Opal Silver Blue Metallic</value>
					<value>2</value>
					<value>#B5B5B5</value>
				</record>
				<record>
					<value>Magnetic Pearl</value>
					<value>3</value>
					<value>#DC71FA</value>
				</record>
				<record>
					<value>Galaxy Gray Metallic</value>
					<value>4</value>
					<value>#CCB7B7</value>
				</record>
				<record>
					<value>Alabaster Silver Metallic</value>
					<value>5</value>
					<value>#BAADAD</value>
				</record>
				<record>
					<value>Royal Blue Pearl</value>
					<value>6</value>
					<value>#4127E8</value>
				</record>
				<record>
					<value>Premium White Pearl</value>
					<value>7</value>
					<value>#FAE8E8</value>
				</record>
				<record>
					<value>Nighthawk Black Pearl</value>
					<value>8</value>
					<value>#2E2828</value>
				</record>
				<record>
					<value>Milano Red</value>
					<value>9</value>
					<value>#F21616</value>
				</record>
				<record>
					<value>Glacier Blue Metallic</value>
					<value>10</value>
					<NULL></NULL>
				</record>
				<record>
					<value>Deep Green Pearl</value>
					<value>11</value>
					<NULL></NULL>
				</record>
				<record>
					<value>Arctic Blue Pearl</value>
					<value>12</value>
					<NULL></NULL>
				</record>
				<record>
					<value>Titanium Silver Metallic</value>
					<value>13</value>
					<NULL></NULL>
				</record>
				<record>
					<value>Sparkling Graphite Metallic</value>
					<value>14</value>
					<NULL></NULL>
				</record>
				<record>
					<value>Sonora Metallic</value>
					<value>15</value>
					<NULL></NULL>
				</record>
				<record>
					<value>Monaco Blue Metallic</value>
					<value>16</value>
					<NULL></NULL>
				</record>
				<record>
					<value>Mystic Blue Metallic</value>
					<value>17</value>
					<NULL></NULL>
				</record>
				<record>
					<value>Imola Red</value>
					<value>18</value>
					<NULL></NULL>
				</record>
				<record>
					<value>Electric Red</value>
					<value>19</value>
					<NULL></NULL>
				</record>
				<record>
					<value>Black Sapphire Metallic</value>
					<value>20</value>
					<NULL></NULL>
				</record>
				<record>
					<value>Barrique Red Metallic</value>
					<value>21</value>
					<NULL></NULL>
				</record>
				<record>
					<value>Arctic Metallic</value>
					<value>22</value>
					<NULL></NULL>
				</record>
				<record>
					<value>Alpine White</value>
					<value>23</value>
					<NULL></NULL>
				</record>
				<record>
					<value>Orange</value>
					<value>24</value>
					<NULL></NULL>
				</record>
			</data>
		</records>
	</operation>
	<operation type="CREATE_TABLE">
		<table>
			<schema></schema>
			<name>carscars</name>
			<type>0</type>
			<dbfields>
				<dbfield>
					<name>category</name>
					<type>3</type>
					<typeName>int</typeName>
					<size>11</size>
					<scale>0</scale>
					<defaultValue></defaultValue>
					<nullable>1</nullable>
					<autoInc>0</autoInc>
					<charset></charset>
					<oraSequence></oraSequence>
					<enumValues></enumValues>
				</dbfield>
				<dbfield>
					<name>color</name>
					<type>200</type>
					<typeName>varchar</typeName>
					<size>50</size>
					<scale>0</scale>
					<defaultValue></defaultValue>
					<nullable>1</nullable>
					<autoInc>0</autoInc>
					<charset></charset>
					<oraSequence></oraSequence>
					<enumValues></enumValues>
				</dbfield>
				<dbfield>
					<name>Date Listed</name>
					<type>7</type>
					<typeName>date</typeName>
					<size>0</size>
					<scale>0</scale>
					<defaultValue></defaultValue>
					<nullable>1</nullable>
					<autoInc>0</autoInc>
					<charset></charset>
					<oraSequence></oraSequence>
					<enumValues></enumValues>
				</dbfield>
				<dbfield>
					<name>descr</name>
					<type>201</type>
					<typeName>mediumtext</typeName>
					<size>0</size>
					<scale>0</scale>
					<defaultValue></defaultValue>
					<nullable>1</nullable>
					<autoInc>0</autoInc>
					<charset></charset>
					<oraSequence></oraSequence>
					<enumValues></enumValues>
				</dbfield>
				<dbfield>
					<name>EPACity</name>
					<type>200</type>
					<typeName>varchar</typeName>
					<size>50</size>
					<scale>0</scale>
					<defaultValue></defaultValue>
					<nullable>1</nullable>
					<autoInc>0</autoInc>
					<charset></charset>
					<oraSequence></oraSequence>
					<enumValues></enumValues>
				</dbfield>
				<dbfield>
					<name>EPAHighway</name>
					<type>200</type>
					<typeName>varchar</typeName>
					<size>50</size>
					<scale>0</scale>
					<defaultValue></defaultValue>
					<nullable>1</nullable>
					<autoInc>0</autoInc>
					<charset></charset>
					<oraSequence></oraSequence>
					<enumValues></enumValues>
				</dbfield>
				<dbfield>
					<name>features</name>
					<type>201</type>
					<typeName>mediumtext</typeName>
					<size>0</size>
					<scale>0</scale>
					<defaultValue></defaultValue>
					<nullable>1</nullable>
					<autoInc>0</autoInc>
					<charset></charset>
					<oraSequence></oraSequence>
					<enumValues></enumValues>
				</dbfield>
				<dbfield>
					<name>Horsepower</name>
					<type>3</type>
					<typeName>int</typeName>
					<size>11</size>
					<scale>0</scale>
					<defaultValue></defaultValue>
					<nullable>1</nullable>
					<autoInc>0</autoInc>
					<charset></charset>
					<oraSequence></oraSequence>
					<enumValues></enumValues>
				</dbfield>
				<dbfield>
					<name>id</name>
					<type>3</type>
					<typeName>int</typeName>
					<size>11</size>
					<scale>0</scale>
					<defaultValue></defaultValue>
					<nullable>0</nullable>
					<autoInc>1</autoInc>
					<charset></charset>
					<oraSequence></oraSequence>
					<enumValues></enumValues>
				</dbfield>
				<dbfield>
					<name>Make</name>
					<type>3</type>
					<typeName>int</typeName>
					<size>11</size>
					<scale>0</scale>
					<defaultValue></defaultValue>
					<nullable>1</nullable>
					<autoInc>0</autoInc>
					<charset></charset>
					<oraSequence></oraSequence>
					<enumValues></enumValues>
				</dbfield>
				<dbfield>
					<name>Model</name>
					<type>3</type>
					<typeName>int</typeName>
					<size>11</size>
					<scale>0</scale>
					<defaultValue></defaultValue>
					<nullable>1</nullable>
					<autoInc>0</autoInc>
					<charset></charset>
					<oraSequence></oraSequence>
					<enumValues></enumValues>
				</dbfield>
				<dbfield>
					<name>Phone #</name>
					<type>200</type>
					<typeName>varchar</typeName>
					<size>50</size>
					<scale>0</scale>
					<defaultValue></defaultValue>
					<nullable>1</nullable>
					<autoInc>0</autoInc>
					<charset></charset>
					<oraSequence></oraSequence>
					<enumValues></enumValues>
				</dbfield>
				<dbfield>
					<name>Picture</name>
					<type>200</type>
					<typeName>varchar</typeName>
					<size>2000</size>
					<scale>0</scale>
					<defaultValue></defaultValue>
					<nullable>1</nullable>
					<autoInc>0</autoInc>
					<charset></charset>
					<oraSequence></oraSequence>
					<enumValues></enumValues>
				</dbfield>
				<dbfield>
					<name>Price</name>
					<type>3</type>
					<typeName>int</typeName>
					<size>11</size>
					<scale>0</scale>
					<defaultValue></defaultValue>
					<nullable>1</nullable>
					<autoInc>0</autoInc>
					<charset></charset>
					<oraSequence></oraSequence>
					<enumValues></enumValues>
				</dbfield>
				<dbfield>
					<name>UserID</name>
					<type>200</type>
					<typeName>varchar</typeName>
					<size>50</size>
					<scale>0</scale>
					<defaultValue></defaultValue>
					<nullable>1</nullable>
					<autoInc>0</autoInc>
					<charset></charset>
					<oraSequence></oraSequence>
					<enumValues></enumValues>
				</dbfield>
				<dbfield>
					<name>YearOfMake</name>
					<type>3</type>
					<typeName>int</typeName>
					<size>11</size>
					<scale>0</scale>
					<defaultValue></defaultValue>
					<nullable>1</nullable>
					<autoInc>0</autoInc>
					<charset></charset>
					<oraSequence></oraSequence>
					<enumValues></enumValues>
				</dbfield>
				<dbfield>
					<name>zipcode</name>
					<type>3</type>
					<typeName>int</typeName>
					<size>11</size>
					<scale>0</scale>
					<defaultValue></defaultValue>
					<nullable>1</nullable>
					<autoInc>0</autoInc>
					<charset></charset>
					<oraSequence></oraSequence>
					<enumValues></enumValues>
				</dbfield>
			</dbfields>
			<dbkeys>
				<dbkey>id</dbkey>
			</dbkeys>
			<dbfkeys></dbfkeys>
			<pbclean>0</pbclean>
		</table>
	</operation>
	<operation type="INSERT_RECORD">
		<schema></schema>
		<tablename>carscars</tablename>
		<prefix></prefix>
		<suffix></suffix>
		<records>
			<names>
				<colname>category</colname>
				<colname>color</colname>
				<colname>Date Listed</colname>
				<colname>descr</colname>
				<colname>EPACity</colname>
				<colname>EPAHighway</colname>
				<colname>features</colname>
				<colname>Horsepower</colname>
				<colname>id</colname>
				<colname>Make</colname>
				<colname>Model</colname>
				<colname>Phone #</colname>
				<colname>Picture</colname>
				<colname>Price</colname>
				<colname>UserID</colname>
				<colname>YearOfMake</colname>
				<colname>zipcode</colname>
			</names>
			<types>
				<coltype>3</coltype>
				<coltype>200</coltype>
				<coltype>7</coltype>
				<coltype>201</coltype>
				<coltype>200</coltype>
				<coltype>200</coltype>
				<coltype>201</coltype>
				<coltype>3</coltype>
				<coltype>3</coltype>
				<coltype>3</coltype>
				<coltype>3</coltype>
				<coltype>200</coltype>
				<coltype>200</coltype>
				<coltype>3</coltype>
				<coltype>200</coltype>
				<coltype>3</coltype>
				<coltype>3</coltype>
			</types>
			<data>
				<record>
					<value>1</value>
					<value>16</value>
					<value>2007-04-05</value>
					<value>&amp;lt;p&amp;gt;The Audi TT is a 2-door sports car marketed by Volkswagen Group subsidiary Audi since 1998, and now in its third generation. The first two generations were assembled by the Audi subsidiary Audi Hungaria Motor Kft. in Gy?&amp;amp;lsquo;r, Hungary, using bodyshells manufactured and painted at Audi&amp;amp;#39;s Ingolstadt plant and parts made entirely by the Hungarian factory for the third generation.&amp;lt;/p&amp;gt;</value>
					<value>EPACity</value>
					<value>EPAHighway</value>
					<value>&amp;lt;ul&amp;gt;&amp;lt;li&amp;gt;ARAI Mileage&amp;amp;nbsp;14.33 kmpl&amp;lt;/li&amp;gt;&amp;lt;li&amp;gt;&amp;lt;p&amp;gt;Engine Displacement (cc)&amp;amp;nbsp;1984&amp;lt;/p&amp;gt;&amp;lt;/li&amp;gt;&amp;lt;li&amp;gt;&amp;lt;p&amp;gt;Max Torque (nm@rpm)&amp;amp;nbsp;370Nm@1600-4300rpm&amp;lt;/p&amp;gt;&amp;lt;/li&amp;gt;&amp;lt;li&amp;gt;&amp;lt;p&amp;gt;TransmissionType&amp;amp;nbsp;Automatic&amp;lt;/p&amp;gt;&amp;lt;/li&amp;gt;&amp;lt;li&amp;gt;&amp;lt;p&amp;gt;Fuel Tank Capacity&amp;amp;nbsp;55&amp;lt;/p&amp;gt;&amp;lt;/li&amp;gt;&amp;lt;/ul&amp;gt;</value>
					<value>197</value>
					<value>1</value>
					<value>9</value>
					<value>23</value>
					<value>555-12-34</value>
					<value>[{&amp;quot;name&amp;quot;:&amp;quot;files\/cars1_1_xb8eyfcs.jpg&amp;quot;,&amp;quot;usrName&amp;quot;:&amp;quot;cars1_1.jpg&amp;quot;,&amp;quot;size&amp;quot;:563711,&amp;quot;type&amp;quot;:&amp;quot;image\/jpeg&amp;quot;,&amp;quot;thumbnail&amp;quot;:&amp;quot;files\/thcars1_1_zfgfbvmi.jpg&amp;quot;,&amp;quot;thumbnail_type&amp;quot;:&amp;quot;image\/jpeg&amp;quot;,&amp;quot;thumbnail_size&amp;quot;:10050,&amp;quot;searchStr&amp;quot;:&amp;quot;cars1_1.jpg,!cars1_3.jpg,!cars1_2.jpg,!audi_tt-99_side.jpg,!:sStrEnd&amp;quot;},{&amp;quot;name&amp;quot;:&amp;quot;files\/cars1_3_75nfh9tu.jpg&amp;quot;,&amp;quot;usrName&amp;quot;:&amp;quot;cars1_3.jpg&amp;quot;,&amp;quot;size&amp;quot;:242658,&amp;quot;type&amp;quot;:&amp;quot;image\/jpeg&amp;quot;,&amp;quot;thumbnail&amp;quot;:&amp;quot;files\/thcars1_3_d47ghg7p.jpg&amp;quot;,&amp;quot;thumbnail_type&amp;quot;:&amp;quot;image\/jpeg&amp;quot;,&amp;quot;thumbnail_size&amp;quot;:7843},{&amp;quot;name&amp;quot;:&amp;quot;files\/cars1_2_1rkocmsk.jpg&amp;quot;,&amp;quot;usrName&amp;quot;:&amp;quot;cars1_2.jpg&amp;quot;,&amp;quot;size&amp;quot;:452794,&amp;quot;type&amp;quot;:&amp;quot;image\/jpeg&amp;quot;,&amp;quot;thumbnail&amp;quot;:&amp;quot;files\/thcars1_2_2ustvr3i.jpg&amp;quot;,&amp;quot;thumbnail_type&amp;quot;:&amp;quot;image\/jpeg&amp;quot;,&amp;quot;thumbnail_size&amp;quot;:9886},{&amp;quot;name&amp;quot;:&amp;quot;files\/audi_tt-99_side_eurssccj.jpg&amp;quot;,&amp;quot;usrName&amp;quot;:&amp;quot;audi_tt-99_side.jpg&amp;quot;,&amp;quot;size&amp;quot;:19684,&amp;quot;type&amp;quot;:&amp;quot;image\/jpeg&amp;quot;,&amp;quot;thumbnail&amp;quot;:&amp;quot;files\/thaudi_tt-99_side_ukwd2ln4.jpg&amp;quot;,&amp;quot;thumbnail_type&amp;quot;:&amp;quot;image\/jpeg&amp;quot;,&amp;quot;thumbnail_size&amp;quot;:5903}]</value>
					<value>57900</value>
					<value>admin</value>
					<value>2000</value>
					<value>12345</value>
				</record>
				<record>
					<value>2</value>
					<value>4</value>
					<value>2007-04-24</value>
					<value>&amp;lt;p&amp;gt;The&amp;amp;nbsp;BMW 5 Series&amp;amp;nbsp;is an&amp;amp;nbsp;executive car&amp;amp;nbsp;manufactured by&amp;amp;nbsp;BMW&amp;amp;nbsp;since 1972. It is the successor to the&amp;amp;nbsp;New Class Sedans&amp;amp;nbsp;and is currently in its seventh generation.&amp;lt;br /&amp;gt;Initially, the 5 Series was only available in a&amp;amp;nbsp;sedan&amp;amp;nbsp;body style. The&amp;amp;nbsp;wagon/estate&amp;amp;nbsp;body style (called &amp;amp;quot;Touring&amp;amp;quot;) was added in 1991 and the 5-door fastback (called &amp;amp;quot;Gran Turismo&amp;amp;quot;) was produced from 2009 to 2017.&amp;lt;br /&amp;gt;The first generation of 5 Series was powered by naturally aspirated inline-4 and straight-6 petrol engines. Following generations have been powered by&amp;amp;nbsp;inline-4,&amp;amp;nbsp;straight-6,&amp;amp;nbsp;V8&amp;amp;nbsp;and&amp;amp;nbsp;V10&amp;amp;nbsp;engines with both&amp;amp;nbsp;natural aspirationand&amp;amp;nbsp;turbocharging. Since 1982, diesel engines have been included in the 5 Series range&amp;lt;/p&amp;gt;</value>
					<value>EPACity</value>
					<value>EPAHighway</value>
					<value>&amp;lt;ul&amp;gt;&amp;lt;li&amp;gt;ARAI Mileage -&amp;amp;nbsp;10.8 kmpl&amp;lt;/li&amp;gt;&amp;lt;li&amp;gt;&amp;lt;p&amp;gt;Fuel Type -&amp;amp;nbsp;Petrol&amp;lt;/p&amp;gt;&amp;lt;/li&amp;gt;&amp;lt;li&amp;gt;&amp;lt;p&amp;gt;Max Power (bhp@rpm) -&amp;amp;nbsp;215 @ 6,500 (PS@rpm)&amp;lt;/p&amp;gt;&amp;lt;/li&amp;gt;&amp;lt;li&amp;gt;&amp;lt;p&amp;gt;Seating Capacity - 5&amp;lt;/p&amp;gt;&amp;lt;/li&amp;gt;&amp;lt;li&amp;gt;&amp;lt;p&amp;gt;Fuel Tank Capacity -&amp;amp;nbsp;70&amp;lt;/p&amp;gt;&amp;lt;/li&amp;gt;&amp;lt;/ul&amp;gt;</value>
					<value>215</value>
					<value>2</value>
					<value>10</value>
					<value>25</value>
					<value>1234567</value>
					<value>[{&amp;quot;name&amp;quot;:&amp;quot;files\/cars2_1_uogsvb2f.jpg&amp;quot;,&amp;quot;usrName&amp;quot;:&amp;quot;cars2_1 (1).jpg&amp;quot;,&amp;quot;size&amp;quot;:139346,&amp;quot;type&amp;quot;:&amp;quot;image\/jpeg&amp;quot;,&amp;quot;thumbnail&amp;quot;:&amp;quot;files\/thcars2_1_arz6ehd9.jpg&amp;quot;,&amp;quot;thumbnail_type&amp;quot;:&amp;quot;image\/jpeg&amp;quot;,&amp;quot;thumbnail_size&amp;quot;:8393,&amp;quot;searchStr&amp;quot;:&amp;quot;cars2_1 (1).jpg,!cars2_2.jpg,!cars2_3 (1).jpg,!bmw.jpg,!:sStrEnd&amp;quot;},{&amp;quot;name&amp;quot;:&amp;quot;files\/cars2_2_4p36x9iz.jpg&amp;quot;,&amp;quot;usrName&amp;quot;:&amp;quot;cars2_2.jpg&amp;quot;,&amp;quot;size&amp;quot;:99113,&amp;quot;type&amp;quot;:&amp;quot;image\/jpeg&amp;quot;,&amp;quot;thumbnail&amp;quot;:&amp;quot;files\/thcars2_2_9y0coizr.jpg&amp;quot;,&amp;quot;thumbnail_type&amp;quot;:&amp;quot;image\/jpeg&amp;quot;,&amp;quot;thumbnail_size&amp;quot;:7521},{&amp;quot;name&amp;quot;:&amp;quot;files\/cars2_3_lxultw3j.jpg&amp;quot;,&amp;quot;usrName&amp;quot;:&amp;quot;cars2_3 (1).jpg&amp;quot;,&amp;quot;size&amp;quot;:51716,&amp;quot;type&amp;quot;:&amp;quot;image\/jpeg&amp;quot;,&amp;quot;thumbnail&amp;quot;:&amp;quot;files\/thcars2_3_xwtwhme6.jpg&amp;quot;,&amp;quot;thumbnail_type&amp;quot;:&amp;quot;image\/jpeg&amp;quot;,&amp;quot;thumbnail_size&amp;quot;:9131},{&amp;quot;name&amp;quot;:&amp;quot;files\/bmw_jmykjeuy.jpg&amp;quot;,&amp;quot;usrName&amp;quot;:&amp;quot;bmw.jpg&amp;quot;,&amp;quot;size&amp;quot;:203558,&amp;quot;type&amp;quot;:&amp;quot;image\/jpeg&amp;quot;,&amp;quot;thumbnail&amp;quot;:&amp;quot;files\/thbmw_ie2rkvgy.jpg&amp;quot;,&amp;quot;thumbnail_type&amp;quot;:&amp;quot;image\/jpeg&amp;quot;,&amp;quot;thumbnail_size&amp;quot;:9401}]</value>
					<value>41000</value>
					<value>admin</value>
					<value>2004</value>
					<value>1234567</value>
				</record>
				<record>
					<value>1</value>
					<value>7</value>
					<NULL></NULL>
					<value>&amp;lt;p&amp;gt;Variety and value remain at the core of the 2020 Hyundai Elantra&amp;amp;#39;s appeal. This sharp-looking compact sedan possesses a rich set of features and a lower price than comparable rivals from Honda, Mazda and Toyota. And with three engines and four trim levels, it&amp;amp;#39;s easy to find an Elantra to suit all tastes, whether you&amp;amp;#39;re primarily looking for fuel economy or something with a bit more style and spirit.&amp;lt;/p&amp;gt;&amp;lt;p&amp;gt;For the 2020 model year, Hyundai adds a new continuously variable automatic transmission (CVT) to many of the Elantra&amp;amp;#39;s trim levels. By using special components and adaptive-style shift logic, Hyundai says this new transmission provides a shifting feel similar to a standard geared transmission but with a CVT automatic&amp;amp;#39;s better fuel economy. We haven&amp;amp;#39;t yet tested this new tech and can&amp;amp;#39;t vouch for the claims, but it&amp;amp;#39;s an interesting advancement.&amp;lt;/p&amp;gt;</value>
					<value>EPACity</value>
					<value>EPAHighway</value>
					<value>&amp;lt;ul&amp;gt;&amp;lt;li&amp;gt;ARAI Mileage -&amp;amp;nbsp;14.62 kmpl&amp;lt;/li&amp;gt;&amp;lt;li&amp;gt;&amp;lt;p&amp;gt;Engine Displacement (cc) -&amp;amp;nbsp;1498&amp;lt;/p&amp;gt;&amp;lt;/li&amp;gt;&amp;lt;li&amp;gt;&amp;lt;p&amp;gt;Max Torque (nm@rpm) -&amp;amp;nbsp;250nm@1500-2750rpm&amp;lt;/p&amp;gt;&amp;lt;/li&amp;gt;&amp;lt;li&amp;gt;&amp;lt;p&amp;gt;TransmissionType -&amp;amp;nbsp;Automatic&amp;lt;/p&amp;gt;&amp;lt;/li&amp;gt;&amp;lt;li&amp;gt;&amp;lt;p&amp;gt;Fuel Tank Capacity -&amp;amp;nbsp;50&amp;lt;/p&amp;gt;&amp;lt;/li&amp;gt;&amp;lt;/ul&amp;gt;</value>
					<value>110</value>
					<value>3</value>
					<value>11</value>
					<value>28</value>
					<value>555-12-34</value>
					<value>[{&amp;quot;name&amp;quot;:&amp;quot;files\/hyndel162_0qyhat4w.jpg&amp;quot;,&amp;quot;usrName&amp;quot;:&amp;quot;hyndel162.jpg&amp;quot;,&amp;quot;size&amp;quot;:71746,&amp;quot;type&amp;quot;:&amp;quot;image\/jpeg&amp;quot;,&amp;quot;thumbnail&amp;quot;:&amp;quot;files\/thhyndel162_6ojib0ir.jpg&amp;quot;,&amp;quot;thumbnail_type&amp;quot;:&amp;quot;image\/jpeg&amp;quot;,&amp;quot;thumbnail_size&amp;quot;:9570,&amp;quot;searchStr&amp;quot;:&amp;quot;hyndel162.jpg,!hyndel164.jpg,!hyndel170.jpg,!hyndel175.jpg,!:sStrEnd&amp;quot;},{&amp;quot;name&amp;quot;:&amp;quot;files\/hyndel164_ghnb0fex.jpg&amp;quot;,&amp;quot;usrName&amp;quot;:&amp;quot;hyndel164.jpg&amp;quot;,&amp;quot;size&amp;quot;:80914,&amp;quot;type&amp;quot;:&amp;quot;image\/jpeg&amp;quot;,&amp;quot;thumbnail&amp;quot;:&amp;quot;files\/thhyndel164_p7nlk368.jpg&amp;quot;,&amp;quot;thumbnail_type&amp;quot;:&amp;quot;image\/jpeg&amp;quot;,&amp;quot;thumbnail_size&amp;quot;:9414},{&amp;quot;name&amp;quot;:&amp;quot;files\/hyndel170_zr7z290x.jpg&amp;quot;,&amp;quot;usrName&amp;quot;:&amp;quot;hyndel170.jpg&amp;quot;,&amp;quot;size&amp;quot;:115762,&amp;quot;type&amp;quot;:&amp;quot;image\/jpeg&amp;quot;,&amp;quot;thumbnail&amp;quot;:&amp;quot;files\/thhyndel170_h0or8lys.jpg&amp;quot;,&amp;quot;thumbnail_type&amp;quot;:&amp;quot;image\/jpeg&amp;quot;,&amp;quot;thumbnail_size&amp;quot;:11541},{&amp;quot;name&amp;quot;:&amp;quot;files\/hyndel175_ke0jhax3.jpg&amp;quot;,&amp;quot;usrName&amp;quot;:&amp;quot;hyndel175.jpg&amp;quot;,&amp;quot;size&amp;quot;:66952,&amp;quot;type&amp;quot;:&amp;quot;image\/jpeg&amp;quot;,&amp;quot;thumbnail&amp;quot;:&amp;quot;files\/thhyndel175_0rw8w7e2.jpg&amp;quot;,&amp;quot;thumbnail_type&amp;quot;:&amp;quot;image\/jpeg&amp;quot;,&amp;quot;thumbnail_size&amp;quot;:8485}]</value>
					<value>12000</value>
					<NULL></NULL>
					<value>2018</value>
					<value>12345</value>
				</record>
				<record>
					<value>1</value>
					<value>1</value>
					<NULL></NULL>
					<value>&amp;lt;p&amp;gt;The 10th-generation Accord was a winner out of the gate in 2018, making us fall in love with Honda&amp;amp;#39;s midsize sedan all over again. There are no changes for the 2020 model, but that&amp;amp;#39;s hardly a bad thing. As it stands, the Accord is stylish and comfortable, and it hits big with utility.&amp;lt;/p&amp;gt;&amp;lt;p&amp;gt;Most of the Accord&amp;amp;#39;s competitors have been refreshed or redesigned over the past few years, but the Honda still shines in the class. On the road, the Accord is quiet and smooth, with our biggest complaint a bit of excessive tire noise at highway speeds. It&amp;amp;#39;s fun to drive, too, thanks to a pair of peppy engines and an available manual transmission. The car&amp;amp;#39;s 16.7 cubic feet of trunk space is among the biggest in the class, and the passenger area offers lots of bins and pockets for phones, sunglasses, water bottles and more.&amp;lt;/p&amp;gt;&amp;lt;p&amp;gt;Honda packs in a good bit of technology into the Accord, too. In addition to the standard Honda Sensing package that includes features such as adaptive cruise control, lane keeping assist and traffic sign recognition, the Accord is available with Apple CarPlay and Android Auto, LED lighting and a wireless phone charger. While you might want to look at the Mazda 6 if you desire a more premium cabin or the Kia Stinger for more exciting performance, the well-rounded Honda Accord continues to be Edmunds&amp;amp;#39; top-ranked midsize sedan.&amp;lt;/p&amp;gt;</value>
					<value>EPACity</value>
					<value>EPAHighway</value>
					<value>&amp;lt;ul&amp;gt;&amp;lt;li&amp;gt;ARAI Mileage -&amp;amp;nbsp;23.1 kmpl&amp;lt;/li&amp;gt;&amp;lt;li&amp;gt;&amp;lt;p&amp;gt;Fuel Type -&amp;amp;nbsp;Petrol&amp;lt;/p&amp;gt;&amp;lt;/li&amp;gt;&amp;lt;li&amp;gt;&amp;lt;p&amp;gt;Max Power (bhp@rpm) -&amp;amp;nbsp;143.016bhp@6200rpm&amp;lt;/p&amp;gt;&amp;lt;/li&amp;gt;&amp;lt;li&amp;gt;&amp;lt;p&amp;gt;Seating Capacity -&amp;amp;nbsp;5&amp;lt;/p&amp;gt;&amp;lt;/li&amp;gt;&amp;lt;li&amp;gt;&amp;lt;p&amp;gt;Fuel Tank Capacity - 60&amp;lt;/p&amp;gt;&amp;lt;/li&amp;gt;&amp;lt;/ul&amp;gt;</value>
					<value>192</value>
					<value>4</value>
					<value>2</value>
					<value>4</value>
					<value>555-12-34</value>
					<value>[{&amp;quot;name&amp;quot;:&amp;quot;files\/honda291_q2xn3i4m.jpg&amp;quot;,&amp;quot;usrName&amp;quot;:&amp;quot;honda291.jpg&amp;quot;,&amp;quot;size&amp;quot;:33759,&amp;quot;type&amp;quot;:&amp;quot;image\/jpeg&amp;quot;,&amp;quot;thumbnail&amp;quot;:&amp;quot;files\/thhonda291_gmwne2o7.jpg&amp;quot;,&amp;quot;thumbnail_type&amp;quot;:&amp;quot;image\/jpeg&amp;quot;,&amp;quot;thumbnail_size&amp;quot;:9101,&amp;quot;searchStr&amp;quot;:&amp;quot;honda291.jpg,!honda292.jpg,!honda1.jpg,!honda2.jpg,!:sStrEnd&amp;quot;},{&amp;quot;name&amp;quot;:&amp;quot;files\/honda292_q52uz7qc.jpg&amp;quot;,&amp;quot;usrName&amp;quot;:&amp;quot;honda292.jpg&amp;quot;,&amp;quot;size&amp;quot;:26553,&amp;quot;type&amp;quot;:&amp;quot;image\/jpeg&amp;quot;,&amp;quot;thumbnail&amp;quot;:&amp;quot;files\/thhonda292_hx515u1c.jpg&amp;quot;,&amp;quot;thumbnail_type&amp;quot;:&amp;quot;image\/jpeg&amp;quot;,&amp;quot;thumbnail_size&amp;quot;:8261},{&amp;quot;name&amp;quot;:&amp;quot;files\/honda1_5wnx7ot1.jpg&amp;quot;,&amp;quot;usrName&amp;quot;:&amp;quot;honda1.jpg&amp;quot;,&amp;quot;size&amp;quot;:48746,&amp;quot;type&amp;quot;:&amp;quot;image\/jpeg&amp;quot;,&amp;quot;thumbnail&amp;quot;:&amp;quot;files\/thhonda1_dhlslvqh.jpg&amp;quot;,&amp;quot;thumbnail_type&amp;quot;:&amp;quot;image\/jpeg&amp;quot;,&amp;quot;thumbnail_size&amp;quot;:6598},{&amp;quot;name&amp;quot;:&amp;quot;files\/honda2_93lnbjct.jpg&amp;quot;,&amp;quot;usrName&amp;quot;:&amp;quot;honda2.jpg&amp;quot;,&amp;quot;size&amp;quot;:171321,&amp;quot;type&amp;quot;:&amp;quot;image\/jpeg&amp;quot;,&amp;quot;thumbnail&amp;quot;:&amp;quot;files\/thhonda2_2o33zn1a.jpg&amp;quot;,&amp;quot;thumbnail_type&amp;quot;:&amp;quot;image\/jpeg&amp;quot;,&amp;quot;thumbnail_size&amp;quot;:8700}]</value>
					<value>5000</value>
					<NULL></NULL>
					<value>2005</value>
					<value>12345</value>
				</record>
				<record>
					<value>1</value>
					<value>9</value>
					<NULL></NULL>
					<value>&amp;lt;p&amp;gt;Just about any small sedan on the market these days offers plenty of value, efficiency and safety. If all you need is basic transportation, you can pretty much just pick a name out of a hat and be satisfied. But what if you want something that&amp;amp;#39;s a little special? That&amp;amp;#39;s where the 2020 Mazda 3 comes in.&amp;lt;/p&amp;gt;&amp;lt;p&amp;gt;For starters, the 3 is attractively styled inside and out. It looks sophisticated and upscale, and many of the interior materials and controls have a premium feel and vibe to them. Own a Mazda 3 and your friends will probably think you spent more than you did. You also get uncommonly sporty and engaging handling, which makes the 3 fun to drive whether you&amp;amp;#39;re just commuting to work or taking a scenic road trip.&amp;lt;/p&amp;gt;&amp;lt;p&amp;gt;There are a few minor downsides. The 3 sedan comes up short on rear passenger and cargo space, for instance, and visibility to the rear is hampered by a high rear trunklid and thick roof pillars. But odds are most owners will be just fine with what 3 provides. It remains an Edmunds favorite and we&amp;amp;#39;re confident you&amp;amp;#39;ll feel the same.&amp;lt;/p&amp;gt;&amp;lt;p&amp;gt;&amp;amp;nbsp;&amp;lt;/p&amp;gt;</value>
					<value>EPACity</value>
					<value> EPAHighway</value>
					<value>&amp;lt;p&amp;gt;Transmission Order - Code NA&amp;lt;/p&amp;gt;&amp;lt;p&amp;gt;Transmission Description - Automatic w/OD&amp;lt;/p&amp;gt;&amp;lt;p&amp;gt;Number of Transmission Speeds - 6&amp;lt;/p&amp;gt;</value>
					<value>110</value>
					<value>5</value>
					<value>14</value>
					<value>36</value>
					<value>555-12-34</value>
					<value>[{&amp;quot;name&amp;quot;:&amp;quot;files\/mazd3251_p39wd37y.jpg&amp;quot;,&amp;quot;usrName&amp;quot;:&amp;quot;mazd3251.jpg&amp;quot;,&amp;quot;size&amp;quot;:36757,&amp;quot;type&amp;quot;:&amp;quot;image\/jpeg&amp;quot;,&amp;quot;thumbnail&amp;quot;:&amp;quot;files\/thmazd3251_dxq84p3k.jpg&amp;quot;,&amp;quot;thumbnail_type&amp;quot;:&amp;quot;image\/jpeg&amp;quot;,&amp;quot;thumbnail_size&amp;quot;:8932,&amp;quot;searchStr&amp;quot;:&amp;quot;mazd3251.jpg,!mazd3252.jpg,!mazda3new1.jpg,!mazda3new2.jpg,!:sStrEnd&amp;quot;},{&amp;quot;name&amp;quot;:&amp;quot;files\/mazd3252_m1zad0n9.jpg&amp;quot;,&amp;quot;usrName&amp;quot;:&amp;quot;mazd3252.jpg&amp;quot;,&amp;quot;size&amp;quot;:45131,&amp;quot;type&amp;quot;:&amp;quot;image\/jpeg&amp;quot;,&amp;quot;thumbnail&amp;quot;:&amp;quot;files\/thmazd3252_a6tsuoor.jpg&amp;quot;,&amp;quot;thumbnail_type&amp;quot;:&amp;quot;image\/jpeg&amp;quot;,&amp;quot;thumbnail_size&amp;quot;:10743},{&amp;quot;name&amp;quot;:&amp;quot;files\/mazda3new1_bvmxjgy3.jpg&amp;quot;,&amp;quot;usrName&amp;quot;:&amp;quot;mazda3new1.jpg&amp;quot;,&amp;quot;size&amp;quot;:94512,&amp;quot;type&amp;quot;:&amp;quot;image\/jpeg&amp;quot;,&amp;quot;thumbnail&amp;quot;:&amp;quot;files\/thmazda3new1_zcpbwft7.jpg&amp;quot;,&amp;quot;thumbnail_type&amp;quot;:&amp;quot;image\/jpeg&amp;quot;,&amp;quot;thumbnail_size&amp;quot;:7146},{&amp;quot;name&amp;quot;:&amp;quot;files\/mazda3new2_mtdc83eu.jpg&amp;quot;,&amp;quot;usrName&amp;quot;:&amp;quot;mazda3new2.jpg&amp;quot;,&amp;quot;size&amp;quot;:68777,&amp;quot;type&amp;quot;:&amp;quot;image\/jpeg&amp;quot;,&amp;quot;thumbnail&amp;quot;:&amp;quot;files\/thmazda3new2_r7h4uuyl.jpg&amp;quot;,&amp;quot;thumbnail_type&amp;quot;:&amp;quot;image\/jpeg&amp;quot;,&amp;quot;thumbnail_size&amp;quot;:7028}]</value>
					<value>5000</value>
					<NULL></NULL>
					<value>2010</value>
					<value>12345</value>
				</record>
				<record>
					<value>1</value>
					<value>5</value>
					<NULL></NULL>
					<value>&amp;lt;p&amp;gt;The&amp;amp;nbsp;&amp;lt;strong&amp;gt;Jaguar XJ&amp;lt;/strong&amp;gt;&amp;amp;nbsp;is a series of full-size luxury cars produced by British automobile manufacturer&amp;amp;nbsp;&amp;lt;strong&amp;gt;Jaguar&amp;lt;/strong&amp;gt;&amp;amp;nbsp;Cars (becoming&amp;amp;nbsp;&amp;lt;strong&amp;gt;Jaguar&amp;lt;/strong&amp;gt;&amp;amp;nbsp;Land Rover in 2013) from 1968 to 2019. It was produced across five basic platform generations (debuting in 1968, 1986, 1994, 2003 and 2009) with various updated derivatives of each.&amp;lt;/p&amp;gt;</value>
					<value>EPACity</value>
					<value>EPAHighway</value>
					<value>&amp;lt;ul&amp;gt;&amp;lt;li&amp;gt;ARAI Mileage - 14.47 kmpl&amp;lt;/li&amp;gt;&amp;lt;li&amp;gt;Engine Displacement (cc) - 2993&amp;lt;/li&amp;gt;&amp;lt;li&amp;gt;Max Torque (nm@rpm) - 689Nm@1800rpm&amp;lt;/li&amp;gt;&amp;lt;li&amp;gt;TransmissionType - Automatic&amp;lt;/li&amp;gt;&amp;lt;li&amp;gt;Fuel Tank - Capacity82&amp;lt;/li&amp;gt;&amp;lt;/ul&amp;gt;</value>
					<value>221</value>
					<value>6</value>
					<value>8</value>
					<value>18</value>
					<value>555-12-34</value>
					<value>[{&amp;quot;name&amp;quot;:&amp;quot;files\/jagj111_13xibiuv.jpg&amp;quot;,&amp;quot;usrName&amp;quot;:&amp;quot;jagj111.jpg&amp;quot;,&amp;quot;size&amp;quot;:29858,&amp;quot;type&amp;quot;:&amp;quot;image\/jpeg&amp;quot;,&amp;quot;thumbnail&amp;quot;:&amp;quot;files\/thjagj111_oj47j8yb.jpg&amp;quot;,&amp;quot;thumbnail_type&amp;quot;:&amp;quot;image\/jpeg&amp;quot;,&amp;quot;thumbnail_size&amp;quot;:7623,&amp;quot;searchStr&amp;quot;:&amp;quot;jagj111.jpg,!jagj112.jpg,!j.jpg,!j2.jpg,!:sStrEnd&amp;quot;},{&amp;quot;name&amp;quot;:&amp;quot;files\/jagj112_miymkd30.jpg&amp;quot;,&amp;quot;usrName&amp;quot;:&amp;quot;jagj112.jpg&amp;quot;,&amp;quot;size&amp;quot;:37228,&amp;quot;type&amp;quot;:&amp;quot;image\/jpeg&amp;quot;,&amp;quot;thumbnail&amp;quot;:&amp;quot;files\/thjagj112_gcoblwqr.jpg&amp;quot;,&amp;quot;thumbnail_type&amp;quot;:&amp;quot;image\/jpeg&amp;quot;,&amp;quot;thumbnail_size&amp;quot;:9540},{&amp;quot;name&amp;quot;:&amp;quot;files\/j_qp2g0pk4.jpg&amp;quot;,&amp;quot;usrName&amp;quot;:&amp;quot;j.jpg&amp;quot;,&amp;quot;size&amp;quot;:103647,&amp;quot;type&amp;quot;:&amp;quot;image\/jpeg&amp;quot;,&amp;quot;thumbnail&amp;quot;:&amp;quot;files\/thj_ahvf0567.jpg&amp;quot;,&amp;quot;thumbnail_type&amp;quot;:&amp;quot;image\/jpeg&amp;quot;,&amp;quot;thumbnail_size&amp;quot;:7300},{&amp;quot;name&amp;quot;:&amp;quot;files\/j2_8ilzdf2c.jpg&amp;quot;,&amp;quot;usrName&amp;quot;:&amp;quot;j2.jpg&amp;quot;,&amp;quot;size&amp;quot;:163451,&amp;quot;type&amp;quot;:&amp;quot;image\/jpeg&amp;quot;,&amp;quot;thumbnail&amp;quot;:&amp;quot;files\/thj2_17a43ru0.jpg&amp;quot;,&amp;quot;thumbnail_type&amp;quot;:&amp;quot;image\/jpeg&amp;quot;,&amp;quot;thumbnail_size&amp;quot;:8937}]</value>
					<value>120000</value>
					<NULL></NULL>
					<value>2000</value>
					<value>12345</value>
				</record>
				<record>
					<value>1</value>
					<value>9</value>
					<NULL></NULL>
					<value>&amp;lt;p&amp;gt;If Subaru&amp;amp;#39;s lifted Outback station wagon doesn&amp;amp;#39;t appeal to you, the brand&amp;amp;#39;s mechanically similar Legacy sedan might do the trick. Like the Outback, the Legacy offers standard all-wheel drive and your choice of either a 2.5-liter four-cylinder or a turbocharged 2.4-liter mill, but it forgoes the illusion of ruggedness in favor of traditional family-sedan styling. The Legacy&amp;amp;#39;s cabin is spacious, well-built, and comfortable, but its trunk won&amp;amp;#39;t hold as much as the Outback wagon&amp;amp;#39;s cargo hold. It shares the same marketplace with some of our favorite sedans, including the Honda Accord, the Mazda 6, and the Toyota Camry&amp;amp;mdash;all of which offer similar practicality, more driving verve, and sharper styling.&amp;lt;/p&amp;gt;</value>
					<value>EPACity</value>
					<value>EPAHighway</value>
					<value>&amp;lt;ul&amp;gt;&amp;lt;li&amp;gt;EPA Classification - Large Cars&amp;lt;/li&amp;gt;&amp;lt;li&amp;gt;Drivetrain - All Wheel&amp;lt;/li&amp;gt;&amp;lt;li&amp;gt;Engine Order Code - NA&amp;lt;/li&amp;gt;&amp;lt;li&amp;gt;Displacement (liters/cubic inches) - 2.4 L/146&amp;lt;/li&amp;gt;&amp;lt;/ul&amp;gt;</value>
					<value>129</value>
					<value>7</value>
					<value>5</value>
					<value>14</value>
					<value>555-12-34</value>
					<value>[{&amp;quot;name&amp;quot;:&amp;quot;files\/subrl151_1k3uon6q.jpg&amp;quot;,&amp;quot;usrName&amp;quot;:&amp;quot;subrl151.jpg&amp;quot;,&amp;quot;size&amp;quot;:41707,&amp;quot;type&amp;quot;:&amp;quot;image\/jpeg&amp;quot;,&amp;quot;thumbnail&amp;quot;:&amp;quot;files\/thsubrl151_vftfjhs9.jpg&amp;quot;,&amp;quot;thumbnail_type&amp;quot;:&amp;quot;image\/jpeg&amp;quot;,&amp;quot;thumbnail_size&amp;quot;:9873,&amp;quot;searchStr&amp;quot;:&amp;quot;subrl151.jpg,!subrl152.jpg,!su1.jpg,!su2.jpg,!:sStrEnd&amp;quot;},{&amp;quot;name&amp;quot;:&amp;quot;files\/subrl152_w83l8mrv.jpg&amp;quot;,&amp;quot;usrName&amp;quot;:&amp;quot;subrl152.jpg&amp;quot;,&amp;quot;size&amp;quot;:24572,&amp;quot;type&amp;quot;:&amp;quot;image\/jpeg&amp;quot;,&amp;quot;thumbnail&amp;quot;:&amp;quot;files\/thsubrl152_izng7ez8.jpg&amp;quot;,&amp;quot;thumbnail_type&amp;quot;:&amp;quot;image\/jpeg&amp;quot;,&amp;quot;thumbnail_size&amp;quot;:7525},{&amp;quot;name&amp;quot;:&amp;quot;files\/su1_z3d8l5og.jpg&amp;quot;,&amp;quot;usrName&amp;quot;:&amp;quot;su1.jpg&amp;quot;,&amp;quot;size&amp;quot;:88602,&amp;quot;type&amp;quot;:&amp;quot;image\/jpeg&amp;quot;,&amp;quot;thumbnail&amp;quot;:&amp;quot;files\/thsu1_6zsb8pwo.jpg&amp;quot;,&amp;quot;thumbnail_type&amp;quot;:&amp;quot;image\/jpeg&amp;quot;,&amp;quot;thumbnail_size&amp;quot;:9495},{&amp;quot;name&amp;quot;:&amp;quot;files\/su2_75js4tnr.jpg&amp;quot;,&amp;quot;usrName&amp;quot;:&amp;quot;su2.jpg&amp;quot;,&amp;quot;size&amp;quot;:104690,&amp;quot;type&amp;quot;:&amp;quot;image\/jpeg&amp;quot;,&amp;quot;thumbnail&amp;quot;:&amp;quot;files\/thsu2_ubd6gtm2.jpg&amp;quot;,&amp;quot;thumbnail_type&amp;quot;:&amp;quot;image\/jpeg&amp;quot;,&amp;quot;thumbnail_size&amp;quot;:8148}]</value>
					<value>5000</value>
					<NULL></NULL>
					<value>2011</value>
					<value>12345</value>
				</record>
				<record>
					<value>1</value>
					<value>1</value>
					<NULL></NULL>
					<value>&amp;lt;p&amp;gt;Flagship of the Volvo Cars fleet, the Volvo S80 T6 is big, mean and green, offering abundant cabin space and luxury, 272 hp, fierce performance, nimble handling and advanced low-emission engine technology. And all packaged in a car that has achieved excellent results in both European and American crash tests.&amp;lt;/p&amp;gt;
</value>
					<value>EPACity</value>
					<value>EPAHighway</value>
					<value>&amp;lt;ul&amp;gt;
	&amp;lt;li&amp;gt;3.2L I-6 Engine.&amp;lt;/li&amp;gt;
	&amp;lt;li&amp;gt;235 @ 6,200 rpm&amp;amp;nbsp;&amp;lt;strong&amp;gt;Horsepower&amp;lt;/strong&amp;gt;.&amp;lt;/li&amp;gt;
	&amp;lt;li&amp;gt;236 @ 3,200 rpm Torque.&amp;lt;/li&amp;gt;
	&amp;lt;li&amp;gt;front-wheel Drive type.&amp;lt;/li&amp;gt;
	&amp;lt;li&amp;gt;6-spd w/OD Transmission.&amp;lt;/li&amp;gt;
	&amp;lt;li&amp;gt;ABS and driveline Traction control.&amp;lt;/li&amp;gt;
	&amp;lt;li&amp;gt;1st row regular express open/close sliding and tilting glass Sunroof.&amp;lt;/li&amp;gt;
	&amp;lt;li&amp;gt;17&amp;amp;quot; silver aluminum Wheels.&amp;lt;/li&amp;gt;
&amp;lt;/ul&amp;gt;
</value>
					<value>281</value>
					<value>8</value>
					<value>1</value>
					<value>3</value>
					<value>555-12-34</value>
					<value>[{&amp;quot;name&amp;quot;:&amp;quot;files\/Volvo1_n9lqdeg6.jpg&amp;quot;,&amp;quot;usrName&amp;quot;:&amp;quot;Volvo1.jpg&amp;quot;,&amp;quot;size&amp;quot;:74551,&amp;quot;type&amp;quot;:&amp;quot;image\/jpeg&amp;quot;,&amp;quot;thumbnail&amp;quot;:&amp;quot;files\/thVolvo1_zemg7lko.jpg&amp;quot;,&amp;quot;thumbnail_type&amp;quot;:&amp;quot;image\/jpeg&amp;quot;,&amp;quot;thumbnail_size&amp;quot;:5553,&amp;quot;searchStr&amp;quot;:&amp;quot;Volvo1.jpg,!Volvo-S80-2008.jpg,!Volvo-S80-2008-1280x800-004.jpg,!Volvo-S80-2014.jpg,!:sStrEnd&amp;quot;},{&amp;quot;name&amp;quot;:&amp;quot;files\/Volvo-S80-2008_utj0xhed.jpg&amp;quot;,&amp;quot;usrName&amp;quot;:&amp;quot;Volvo-S80-2008.jpg&amp;quot;,&amp;quot;size&amp;quot;:82431,&amp;quot;type&amp;quot;:&amp;quot;image\/jpeg&amp;quot;,&amp;quot;thumbnail&amp;quot;:&amp;quot;files\/thVolvo-S80-2008_jpw2td1o.jpg&amp;quot;,&amp;quot;thumbnail_type&amp;quot;:&amp;quot;image\/jpeg&amp;quot;,&amp;quot;thumbnail_size&amp;quot;:6557},{&amp;quot;name&amp;quot;:&amp;quot;files\/Volvo-S80-2008-1280x800-004_c7dvzltt.jpg&amp;quot;,&amp;quot;usrName&amp;quot;:&amp;quot;Volvo-S80-2008-1280x800-004.jpg&amp;quot;,&amp;quot;size&amp;quot;:370938,&amp;quot;type&amp;quot;:&amp;quot;image\/jpeg&amp;quot;,&amp;quot;thumbnail&amp;quot;:&amp;quot;files\/thVolvo-S80-2008-1280x800-004_qqk6tejm.jpg&amp;quot;,&amp;quot;thumbnail_type&amp;quot;:&amp;quot;image\/jpeg&amp;quot;,&amp;quot;thumbnail_size&amp;quot;:9958},{&amp;quot;name&amp;quot;:&amp;quot;files\/Volvo-S80-2014_bbksmaxd.jpg&amp;quot;,&amp;quot;usrName&amp;quot;:&amp;quot;Volvo-S80-2014.jpg&amp;quot;,&amp;quot;size&amp;quot;:69104,&amp;quot;type&amp;quot;:&amp;quot;image\/jpeg&amp;quot;,&amp;quot;thumbnail&amp;quot;:&amp;quot;files\/thVolvo-S80-2014_dq1t0q3x.jpg&amp;quot;,&amp;quot;thumbnail_type&amp;quot;:&amp;quot;image\/jpeg&amp;quot;,&amp;quot;thumbnail_size&amp;quot;:6480}]</value>
					<value>12500</value>
					<NULL></NULL>
					<value>2005</value>
					<value>12345</value>
				</record>
				<record>
					<value>1</value>
					<value>5</value>
					<NULL></NULL>
					<value>&amp;lt;p&amp;gt;The Volkswagen Golf is a four-door, five-seat compact hatchback, and an originator in the segment&amp;amp;mdash;the first-generation model entered production in 1974. The current seventh gen Golf was introduced for the 2015 model year. Over those generations, millions of Golfs have been sold worldwide, earning wide recognition and establishing the car as a benchmark among compact hatchbacks.&amp;lt;br /&amp;gt;
&amp;amp;nbsp;&amp;lt;/p&amp;gt;
</value>
					<value>EPACity</value>
					<value>EPAHighway</value>
					<value>&amp;lt;ul&amp;gt;
	&amp;lt;li&amp;gt;Engine Type - Gas&amp;lt;/li&amp;gt;
	&amp;lt;li&amp;gt;Transmission - 8-speed shiftable automatic&amp;lt;/li&amp;gt;
	&amp;lt;li&amp;gt;Drive Type - Front wheel drive&amp;lt;/li&amp;gt;
	&amp;lt;li&amp;gt;Cylinders - Inline 4&amp;lt;/li&amp;gt;
	&amp;lt;li&amp;gt;Combined - MPG 32&amp;lt;/li&amp;gt;
&amp;lt;/ul&amp;gt;
</value>
					<value>210</value>
					<value>9</value>
					<value>7</value>
					<value>16</value>
					<value>555-12-34</value>
					<value>[{&amp;quot;name&amp;quot;:&amp;quot;files\/2_k7ma741n.jpg&amp;quot;,&amp;quot;usrName&amp;quot;:&amp;quot;2.jpg&amp;quot;,&amp;quot;size&amp;quot;:61245,&amp;quot;type&amp;quot;:&amp;quot;image\/jpeg&amp;quot;,&amp;quot;thumbnail&amp;quot;:&amp;quot;files\/th2_48nhlzl0.jpg&amp;quot;,&amp;quot;thumbnail_type&amp;quot;:&amp;quot;image\/jpeg&amp;quot;,&amp;quot;thumbnail_size&amp;quot;:7095,&amp;quot;searchStr&amp;quot;:&amp;quot;2.jpg,!4.jpg,!3.jpg,!1.jpg,!:sStrEnd&amp;quot;},{&amp;quot;name&amp;quot;:&amp;quot;files\/4_dxp1j926.jpg&amp;quot;,&amp;quot;usrName&amp;quot;:&amp;quot;4.jpg&amp;quot;,&amp;quot;size&amp;quot;:73252,&amp;quot;type&amp;quot;:&amp;quot;image\/jpeg&amp;quot;,&amp;quot;thumbnail&amp;quot;:&amp;quot;files\/th4_u4a2kcab.jpg&amp;quot;,&amp;quot;thumbnail_type&amp;quot;:&amp;quot;image\/jpeg&amp;quot;,&amp;quot;thumbnail_size&amp;quot;:7669},{&amp;quot;name&amp;quot;:&amp;quot;files\/3_j7j508b1.jpg&amp;quot;,&amp;quot;usrName&amp;quot;:&amp;quot;3.jpg&amp;quot;,&amp;quot;size&amp;quot;:59800,&amp;quot;type&amp;quot;:&amp;quot;image\/jpeg&amp;quot;,&amp;quot;thumbnail&amp;quot;:&amp;quot;files\/th3_e7c879sn.jpg&amp;quot;,&amp;quot;thumbnail_type&amp;quot;:&amp;quot;image\/jpeg&amp;quot;,&amp;quot;thumbnail_size&amp;quot;:8369},{&amp;quot;name&amp;quot;:&amp;quot;files\/1_9v9guj6u.jpg&amp;quot;,&amp;quot;usrName&amp;quot;:&amp;quot;1.jpg&amp;quot;,&amp;quot;size&amp;quot;:59491,&amp;quot;type&amp;quot;:&amp;quot;image\/jpeg&amp;quot;,&amp;quot;thumbnail&amp;quot;:&amp;quot;files\/th1_7fag1x1e.jpg&amp;quot;,&amp;quot;thumbnail_type&amp;quot;:&amp;quot;image\/jpeg&amp;quot;,&amp;quot;thumbnail_size&amp;quot;:6558}]</value>
					<value>13000</value>
					<NULL></NULL>
					<value>2010</value>
					<value>12345</value>
				</record>
			</data>
		</records>
	</operation>
	<operation type="CREATE_TABLE">
		<table>
			<schema></schema>
			<name>carscategory</name>
			<type>0</type>
			<dbfields>
				<dbfield>
					<name>id</name>
					<type>3</type>
					<typeName>int</typeName>
					<size>11</size>
					<scale>0</scale>
					<defaultValue></defaultValue>
					<nullable>0</nullable>
					<autoInc>1</autoInc>
					<charset></charset>
					<oraSequence></oraSequence>
					<enumValues></enumValues>
				</dbfield>
				<dbfield>
					<name>category</name>
					<type>200</type>
					<typeName>varchar</typeName>
					<size>255</size>
					<scale>0</scale>
					<defaultValue></defaultValue>
					<nullable>1</nullable>
					<autoInc>0</autoInc>
					<charset></charset>
					<oraSequence></oraSequence>
					<enumValues></enumValues>
				</dbfield>
			</dbfields>
			<dbkeys>
				<dbkey>id</dbkey>
			</dbkeys>
			<dbfkeys></dbfkeys>
			<pbclean>0</pbclean>
		</table>
	</operation>
	<operation type="INSERT_RECORD">
		<schema></schema>
		<tablename>carscategory</tablename>
		<prefix></prefix>
		<suffix></suffix>
		<records>
			<names>
				<colname>id</colname>
				<colname>category</colname>
			</names>
			<types>
				<coltype>3</coltype>
				<coltype>200</coltype>
			</types>
			<data>
				<record>
					<value>1</value>
					<value>Passenger Cars</value>
				</record>
				<record>
					<value>2</value>
					<value>Sporting Cars</value>
				</record>
			</data>
		</records>
	</operation>
	<operation type="CREATE_TABLE">
		<table>
			<schema></schema>
			<name>carsform</name>
			<type>0</type>
			<dbfields>
				<dbfield>
					<name>car</name>
					<type>200</type>
					<typeName>varchar</typeName>
					<size>50</size>
					<scale>0</scale>
					<defaultValue></defaultValue>
					<nullable>1</nullable>
					<autoInc>0</autoInc>
					<charset></charset>
					<oraSequence></oraSequence>
					<enumValues></enumValues>
				</dbfield>
				<dbfield>
					<name>comments</name>
					<type>201</type>
					<typeName>mediumtext</typeName>
					<size>0</size>
					<scale>0</scale>
					<defaultValue></defaultValue>
					<nullable>1</nullable>
					<autoInc>0</autoInc>
					<charset></charset>
					<oraSequence></oraSequence>
					<enumValues></enumValues>
				</dbfield>
				<dbfield>
					<name>email</name>
					<type>200</type>
					<typeName>varchar</typeName>
					<size>50</size>
					<scale>0</scale>
					<defaultValue></defaultValue>
					<nullable>1</nullable>
					<autoInc>0</autoInc>
					<charset></charset>
					<oraSequence></oraSequence>
					<enumValues></enumValues>
				</dbfield>
				<dbfield>
					<name>firstname</name>
					<type>200</type>
					<typeName>varchar</typeName>
					<size>50</size>
					<scale>0</scale>
					<defaultValue></defaultValue>
					<nullable>1</nullable>
					<autoInc>0</autoInc>
					<charset></charset>
					<oraSequence></oraSequence>
					<enumValues></enumValues>
				</dbfield>
				<dbfield>
					<name>id</name>
					<type>3</type>
					<typeName>int</typeName>
					<size>11</size>
					<scale>0</scale>
					<defaultValue></defaultValue>
					<nullable>0</nullable>
					<autoInc>1</autoInc>
					<charset></charset>
					<oraSequence></oraSequence>
					<enumValues></enumValues>
				</dbfield>
				<dbfield>
					<name>lastname</name>
					<type>200</type>
					<typeName>varchar</typeName>
					<size>50</size>
					<scale>0</scale>
					<defaultValue></defaultValue>
					<nullable>1</nullable>
					<autoInc>0</autoInc>
					<charset></charset>
					<oraSequence></oraSequence>
					<enumValues></enumValues>
				</dbfield>
				<dbfield>
					<name>phone</name>
					<type>200</type>
					<typeName>varchar</typeName>
					<size>50</size>
					<scale>0</scale>
					<defaultValue></defaultValue>
					<nullable>1</nullable>
					<autoInc>0</autoInc>
					<charset></charset>
					<oraSequence></oraSequence>
					<enumValues></enumValues>
				</dbfield>
			</dbfields>
			<dbkeys>
				<dbkey>id</dbkey>
			</dbkeys>
			<dbfkeys></dbfkeys>
			<pbclean>0</pbclean>
		</table>
	</operation>
	<operation type="CREATE_TABLE">
		<table>
			<schema></schema>
			<name>carsmake</name>
			<type>0</type>
			<dbfields>
				<dbfield>
					<name>id</name>
					<type>3</type>
					<typeName>int</typeName>
					<size>11</size>
					<scale>0</scale>
					<defaultValue></defaultValue>
					<nullable>0</nullable>
					<autoInc>1</autoInc>
					<charset></charset>
					<oraSequence></oraSequence>
					<enumValues></enumValues>
				</dbfield>
				<dbfield>
					<name>make</name>
					<type>200</type>
					<typeName>varchar</typeName>
					<size>50</size>
					<scale>0</scale>
					<defaultValue></defaultValue>
					<nullable>1</nullable>
					<autoInc>0</autoInc>
					<charset></charset>
					<oraSequence></oraSequence>
					<enumValues></enumValues>
				</dbfield>
				<dbfield>
					<name>logo</name>
					<type>200</type>
					<typeName>varchar</typeName>
					<size>500</size>
					<scale>0</scale>
					<defaultValue></defaultValue>
					<nullable>1</nullable>
					<autoInc>0</autoInc>
					<charset></charset>
					<oraSequence></oraSequence>
					<enumValues></enumValues>
				</dbfield>
			</dbfields>
			<dbkeys>
				<dbkey>id</dbkey>
			</dbkeys>
			<dbfkeys></dbfkeys>
			<pbclean>0</pbclean>
		</table>
	</operation>
	<operation type="INSERT_RECORD">
		<schema></schema>
		<tablename>carsmake</tablename>
		<prefix></prefix>
		<suffix></suffix>
		<records>
			<names>
				<colname>id</colname>
				<colname>make</colname>
				<colname>logo</colname>
			</names>
			<types>
				<coltype>3</coltype>
				<coltype>200</coltype>
				<coltype>200</coltype>
			</types>
			<data>
				<record>
					<value>1</value>
					<value>Volvo</value>
					<value>[{&amp;quot;name&amp;quot;:&amp;quot;files\/logo_volvo_8cxg3r1i.jpg&amp;quot;,&amp;quot;usrName&amp;quot;:&amp;quot;logo_volvo.jpg&amp;quot;,&amp;quot;size&amp;quot;:6848,&amp;quot;type&amp;quot;:&amp;quot;image\/jpeg&amp;quot;,&amp;quot;searchStr&amp;quot;:&amp;quot;logo_volvo.jpg,!:sStrEnd&amp;quot;}]</value>
				</record>
				<record>
					<value>2</value>
					<value>Honda</value>
					<value></value>
				</record>
				<record>
					<value>3</value>
					<value>Mersedes</value>
					<NULL></NULL>
				</record>
				<record>
					<value>4</value>
					<value>Toyota</value>
					<NULL></NULL>
				</record>
				<record>
					<value>5</value>
					<value>Subaru</value>
					<NULL></NULL>
				</record>
				<record>
					<value>6</value>
					<value>Saab</value>
					<NULL></NULL>
				</record>
				<record>
					<value>7</value>
					<value>Volkswagen</value>
					<NULL></NULL>
				</record>
				<record>
					<value>8</value>
					<value>Jaguar</value>
					<NULL></NULL>
				</record>
				<record>
					<value>9</value>
					<value>Audi</value>
					<value>[{&amp;quot;name&amp;quot;:&amp;quot;files\/logo_audi_09jwea64.jpg&amp;quot;,&amp;quot;usrName&amp;quot;:&amp;quot;logo_audi.jpg&amp;quot;,&amp;quot;size&amp;quot;:5166,&amp;quot;type&amp;quot;:&amp;quot;image\/jpeg&amp;quot;,&amp;quot;searchStr&amp;quot;:&amp;quot;logo_audi.jpg,!:sStrEnd&amp;quot;}]</value>
				</record>
				<record>
					<value>10</value>
					<value>BMW</value>
					<value>[{&amp;quot;name&amp;quot;:&amp;quot;files\/logo_bmw_lmle6f7b.png&amp;quot;,&amp;quot;usrName&amp;quot;:&amp;quot;logo_bmw.png&amp;quot;,&amp;quot;size&amp;quot;:5512,&amp;quot;type&amp;quot;:&amp;quot;image\/png&amp;quot;,&amp;quot;searchStr&amp;quot;:&amp;quot;logo_bmw.png,!:sStrEnd&amp;quot;}]</value>
				</record>
				<record>
					<value>11</value>
					<value>Hyundai</value>
					<value>[{&amp;quot;name&amp;quot;:&amp;quot;files\/logo_hundai_2t6f7ifg.jpg&amp;quot;,&amp;quot;usrName&amp;quot;:&amp;quot;logo_hundai.jpg&amp;quot;,&amp;quot;size&amp;quot;:6406,&amp;quot;type&amp;quot;:&amp;quot;image\/jpeg&amp;quot;,&amp;quot;searchStr&amp;quot;:&amp;quot;logo_hundai.jpg,!:sStrEnd&amp;quot;}]</value>
				</record>
				<record>
					<value>12</value>
					<value>Nissan</value>
					<NULL></NULL>
				</record>
				<record>
					<value>13</value>
					<value>Porsche</value>
					<NULL></NULL>
				</record>
				<record>
					<value>14</value>
					<value>Mazda</value>
					<NULL></NULL>
				</record>
				<record>
					<value>15</value>
					<value>Lexus</value>
					<NULL></NULL>
				</record>
			</data>
		</records>
	</operation>
	<operation type="CREATE_TABLE">
		<table>
			<schema></schema>
			<name>carsmodels</name>
			<type>0</type>
			<dbfields>
				<dbfield>
					<name>id</name>
					<type>3</type>
					<typeName>int</typeName>
					<size>11</size>
					<scale>0</scale>
					<defaultValue></defaultValue>
					<nullable>0</nullable>
					<autoInc>1</autoInc>
					<charset></charset>
					<oraSequence></oraSequence>
					<enumValues></enumValues>
				</dbfield>
				<dbfield>
					<name>make</name>
					<type>3</type>
					<typeName>int</typeName>
					<size>11</size>
					<scale>0</scale>
					<defaultValue></defaultValue>
					<nullable>1</nullable>
					<autoInc>0</autoInc>
					<charset></charset>
					<oraSequence></oraSequence>
					<enumValues></enumValues>
				</dbfield>
				<dbfield>
					<name>model</name>
					<type>200</type>
					<typeName>varchar</typeName>
					<size>50</size>
					<scale>0</scale>
					<defaultValue></defaultValue>
					<nullable>1</nullable>
					<autoInc>0</autoInc>
					<charset></charset>
					<oraSequence></oraSequence>
					<enumValues></enumValues>
				</dbfield>
			</dbfields>
			<dbkeys>
				<dbkey>id</dbkey>
			</dbkeys>
			<dbfkeys></dbfkeys>
			<pbclean>0</pbclean>
		</table>
	</operation>
	<operation type="INSERT_RECORD">
		<schema></schema>
		<tablename>carsmodels</tablename>
		<prefix></prefix>
		<suffix></suffix>
		<records>
			<names>
				<colname>id</colname>
				<colname>make</colname>
				<colname>model</colname>
			</names>
			<types>
				<coltype>3</coltype>
				<coltype>3</coltype>
				<coltype>200</coltype>
			</types>
			<data>
				<record>
					<value>1</value>
					<value>1</value>
					<value>850</value>
				</record>
				<record>
					<value>2</value>
					<value>1</value>
					<value>S40</value>
				</record>
				<record>
					<value>3</value>
					<value>1</value>
					<value>S80T6</value>
				</record>
				<record>
					<value>4</value>
					<value>2</value>
					<value>Accord</value>
				</record>
				<record>
					<value>5</value>
					<value>2</value>
					<value>Civic</value>
				</record>
				<record>
					<value>6</value>
					<value>2</value>
					<value>HR-V</value>
				</record>
				<record>
					<value>7</value>
					<value>2</value>
					<value>Pilot</value>
				</record>
				<record>
					<value>8</value>
					<value>3</value>
					<value>Cords</value>
				</record>
				<record>
					<value>9</value>
					<value>4</value>
					<value>Corona</value>
				</record>
				<record>
					<value>10</value>
					<value>4</value>
					<value>RAV4</value>
				</record>
				<record>
					<value>11</value>
					<value>4</value>
					<value>Vitz</value>
				</record>
				<record>
					<value>12</value>
					<value>5</value>
					<value>Forester</value>
				</record>
				<record>
					<value>13</value>
					<value>5</value>
					<value>Impreza</value>
				</record>
				<record>
					<value>14</value>
					<value>5</value>
					<value>Legacy</value>
				</record>
				<record>
					<value>15</value>
					<value>6</value>
					<value>9000</value>
				</record>
				<record>
					<value>16</value>
					<value>7</value>
					<value>Golf</value>
				</record>
				<record>
					<value>17</value>
					<value>7</value>
					<value>Passat 1.8 Turbo Sedan</value>
				</record>
				<record>
					<value>18</value>
					<value>8</value>
					<value>XJ 3.0 i V6 24V</value>
				</record>
				<record>
					<value>19</value>
					<value>9</value>
					<value>A3 2.0</value>
				</record>
				<record>
					<value>20</value>
					<value>9</value>
					<value>A4 1.8T Quattro</value>
				</record>
				<record>
					<value>21</value>
					<value>9</value>
					<value>A4 3.0 Cabrio</value>
				</record>
				<record>
					<value>22</value>
					<value>9</value>
					<value>A6 2.4</value>
				</record>
				<record>
					<value>23</value>
					<value>9</value>
					<value>TT</value>
				</record>
				<record>
					<value>24</value>
					<value>10</value>
					<value>520i</value>
				</record>
				<record>
					<value>25</value>
					<value>10</value>
					<value>525i</value>
				</record>
				<record>
					<value>26</value>
					<value>10</value>
					<value>Z4</value>
				</record>
				<record>
					<value>27</value>
					<value>11</value>
					<value>Accent</value>
				</record>
				<record>
					<value>28</value>
					<value>11</value>
					<value>Elantra</value>
				</record>
				<record>
					<value>29</value>
					<value>11</value>
					<value>Getz</value>
				</record>
				<record>
					<value>30</value>
					<value>11</value>
					<value>Sonata</value>
				</record>
				<record>
					<value>31</value>
					<value>11</value>
					<value>Tucson</value>
				</record>
				<record>
					<value>32</value>
					<value>12</value>
					<value>Maxima</value>
				</record>
				<record>
					<value>33</value>
					<value>12</value>
					<value>Primera</value>
				</record>
				<record>
					<value>34</value>
					<value>12</value>
					<value>Terrano</value>
				</record>
				<record>
					<value>35</value>
					<value>13</value>
					<value>Cayenne</value>
				</record>
				<record>
					<value>36</value>
					<value>14</value>
					<value>3</value>
				</record>
				<record>
					<value>37</value>
					<value>14</value>
					<value>6 2.3</value>
				</record>
				<record>
					<value>38</value>
					<value>14</value>
					<value>626</value>
				</record>
				<record>
					<value>39</value>
					<value>15</value>
					<value>RX 300</value>
				</record>
				<record>
					<value>40</value>
					<value>2</value>
					<value>Civic Hybrid</value>
				</record>
			</data>
		</records>
	</operation>
	<operation type="CREATE_TABLE">
		<table>
			<schema></schema>
			<name>carsusers</name>
			<type>0</type>
			<dbfields>
				<dbfield>
					<name>id</name>
					<type>3</type>
					<typeName>int</typeName>
					<size>11</size>
					<scale>0</scale>
					<defaultValue></defaultValue>
					<defaultValueSQL></defaultValueSQL>
					<nullable>0</nullable>
					<autoInc>1</autoInc>
					<charset></charset>
					<oraSequence></oraSequence>
					<enumValues></enumValues>
				</dbfield>
				<dbfield>
					<name>password</name>
					<type>200</type>
					<typeName>varchar</typeName>
					<size>60</size>
					<scale>0</scale>
					<defaultValue></defaultValue>
					<defaultValueSQL></defaultValueSQL>
					<nullable>1</nullable>
					<autoInc>0</autoInc>
					<charset></charset>
					<oraSequence></oraSequence>
					<enumValues></enumValues>
				</dbfield>
				<dbfield>
					<name>username</name>
					<type>200</type>
					<typeName>varchar</typeName>
					<size>50</size>
					<scale>0</scale>
					<defaultValue></defaultValue>
					<defaultValueSQL></defaultValueSQL>
					<nullable>1</nullable>
					<autoInc>0</autoInc>
					<charset></charset>
					<oraSequence></oraSequence>
					<enumValues></enumValues>
				</dbfield>
				<dbfield>
					<name>group</name>
					<type>200</type>
					<typeName>varchar</typeName>
					<size>50</size>
					<scale>0</scale>
					<defaultValue></defaultValue>
					<defaultValueSQL></defaultValueSQL>
					<nullable>1</nullable>
					<autoInc>0</autoInc>
					<charset></charset>
					<oraSequence></oraSequence>
					<enumValues></enumValues>
				</dbfield>
			</dbfields>
			<dbkeys>
				<dbkey>id</dbkey>
			</dbkeys>
			<dbfkeys></dbfkeys>
			<dbuniquefields></dbuniquefields>
			<pbclean>0</pbclean>
			<dbtype>0</dbtype>
		</table>
	</operation>
	<operation type="INSERT_RECORD">
		<schema></schema>
		<tablename>carsusers</tablename>
		<prefix></prefix>
		<suffix></suffix>
		<records>
			<names>
				<colname>id</colname>
				<colname>password</colname>
				<colname>username</colname>
				<colname>group</colname>
			</names>
			<types>
				<coltype>3</coltype>
				<coltype>200</coltype>
				<coltype>200</coltype>
				<coltype>200</coltype>
			</types>
			<data>
				<record>
					<value>2</value>
					<value>$2y$10$gLgwZIeBtCvvNYdR/XeMqu0GaF/KHs99knCR06Nt51ZKE1RILQDCK</value>
					<value>admin</value>
					<value>admin</value>
				</record>
			</data>
		</records>
	</operation>
</operations>
